id,title,citations,abstract
2410.04332,,,
2410.08827,,,
2406.00877,,,
2408.00113,,,
2411.17693,,,
2403.10462,,,
2411.03336,,,
2403.19647,,,
2406.20053,,,
2403.10949,,,
2402.16837,,,
2411.16679,,,
2411.16353,,,
2412.04614,,,
2407.15211,,,
2402.16835,,,
2406.14546,,,
2411.16035,,,
2412.07097,,,
2401.05566,,,
2406.10162,,,
2407.04108,,,
2409.12822,,,
2411.02306,,,
2407.04694,,,
2412.09565,,,
2406.04313,,,
2402.04249,,,
2405.19550,,,
2410.03768,,,
2412.12480,,,
2412.02159,,,
2403.05030,,,
2407.15549,,,
2410.13722,,,
2403.03218,,,
2406.04093,,,
2407.13692,,,
2410.21514,,,
2407.04622,,,
